[{"model": "admin.logentry", "pk": 1, "fields": {"action_time": "2021-06-28T15:03:26.547Z", "user": 1, "content_type": 7, "object_id": "1", "object_repr": "the-bookstore.example.com", "action_flag": 2, "change_message": "[{\"changed\": {\"fields\": [\"Domain name\", \"Display name\"]}}]"}}, {"model": "admin.logentry", "pk": 2, "fields": {"action_time": "2021-06-28T15:10:05.409Z", "user": 1, "content_type": 8, "object_id": "1", "object_repr": "callanelly@yahoo.com", "action_flag": 2, "change_message": "[{\"changed\": {\"fields\": [\"Verified\", \"Primary\"]}}]"}}, {"model": "admin.logentry", "pk": 3, "fields": {"action_time": "2021-07-08T12:29:23.663Z", "user": 1, "content_type": 13, "object_id": "7", "object_repr": "entertainment", "action_flag": 3, "change_message": ""}}, {"model": "admin.logentry", "pk": 4, "fields": {"action_time": "2021-07-08T12:29:23.699Z", "user": 1, "content_type": 13, "object_id": "5", "object_repr": "biography", "action_flag": 3, "change_message": ""}}, {"model": "admin.logentry", "pk": 5, "fields": {"action_time": "2021-07-08T12:29:23.728Z", "user": 1, "content_type": 13, "object_id": "4", "object_repr": "art_photography", "action_flag": 3, "change_message": ""}}, {"model": "admin.logentry", "pk": 6, "fields": {"action_time": "2021-07-08T12:29:23.751Z", "user": 1, "content_type": 13, "object_id": "2", "object_repr": "medical", "action_flag": 3, "change_message": ""}}, {"model": "admin.logentry", "pk": 7, "fields": {"action_time": "2021-07-08T12:29:42.803Z", "user": 1, "content_type": 13, "object_id": "10", "object_repr": "office_supplies", "action_flag": 1, "change_message": "[{\"added\": {}}]"}}, {"model": "admin.logentry", "pk": 8, "fields": {"action_time": "2021-07-08T12:29:48.039Z", "user": 1, "content_type": 13, "object_id": "11", "object_repr": "fiction", "action_flag": 1, "change_message": "[{\"added\": {}}]"}}, {"model": "admin.logentry", "pk": 9, "fields": {"action_time": "2021-07-08T12:29:55.227Z", "user": 1, "content_type": 13, "object_id": "12", "object_repr": "non_fiction", "action_flag": 1, "change_message": "[{\"added\": {}}]"}}, {"model": "admin.logentry", "pk": 10, "fields": {"action_time": "2021-07-12T12:42:59.354Z", "user": 1, "content_type": 14, "object_id": "1", "object_repr": "Dear Zoo", "action_flag": 1, "change_message": "[{\"added\": {}}]"}}, {"model": "admin.logentry", "pk": 11, "fields": {"action_time": "2021-07-12T15:01:18.104Z", "user": 1, "content_type": 14, "object_id": "2", "object_repr": "Test", "action_flag": 1, "change_message": "[{\"added\": {}}]"}}, {"model": "admin.logentry", "pk": 12, "fields": {"action_time": "2021-07-12T16:56:11.459Z", "user": 1, "content_type": 14, "object_id": "2", "object_repr": "Test", "action_flag": 3, "change_message": ""}}, {"model": "admin.logentry", "pk": 13, "fields": {"action_time": "2021-07-13T13:39:33.850Z", "user": 1, "content_type": 14, "object_id": "3", "object_repr": "Where Is The Green Sheep?", "action_flag": 1, "change_message": "[{\"added\": {}}]"}}, {"model": "admin.logentry", "pk": 14, "fields": {"action_time": "2021-07-13T13:40:29.600Z", "user": 1, "content_type": 14, "object_id": "4", "object_repr": "Giraffes Can't Dance", "action_flag": 1, "change_message": "[{\"added\": {}}]"}}, {"model": "admin.logentry", "pk": 15, "fields": {"action_time": "2021-07-13T13:41:35.718Z", "user": 1, "content_type": 14, "object_id": "5", "object_repr": "The Secret Garden", "action_flag": 1, "change_message": "[{\"added\": {}}]"}}, {"model": "admin.logentry", "pk": 16, "fields": {"action_time": "2021-07-13T13:42:21.480Z", "user": 1, "content_type": 14, "object_id": "6", "object_repr": "The Little Prince", "action_flag": 1, "change_message": "[{\"added\": {}}]"}}, {"model": "admin.logentry", "pk": 17, "fields": {"action_time": "2021-07-13T13:44:32.615Z", "user": 1, "content_type": 14, "object_id": "7", "object_repr": "Have You Filled A Bucket Today?", "action_flag": 1, "change_message": "[{\"added\": {}}]"}}, {"model": "admin.logentry", "pk": 18, "fields": {"action_time": "2021-07-13T13:45:27.836Z", "user": 1, "content_type": 14, "object_id": "8", "object_repr": "Harry Potter And The Cursed Child", "action_flag": 1, "change_message": "[{\"added\": {}}]"}}, {"model": "admin.logentry", "pk": 19, "fields": {"action_time": "2021-07-13T13:46:34.353Z", "user": 1, "content_type": 14, "object_id": "9", "object_repr": "The Day The Crayons Quit", "action_flag": 1, "change_message": "[{\"added\": {}}]"}}, {"model": "admin.logentry", "pk": 20, "fields": {"action_time": "2021-07-13T14:35:45.439Z", "user": 1, "content_type": 14, "object_id": "8", "object_repr": "Harry Potter & The Cursed Child", "action_flag": 2, "change_message": "[{\"changed\": {\"fields\": [\"Name\"]}}]"}}, {"model": "admin.logentry", "pk": 21, "fields": {"action_time": "2021-07-13T15:23:27.638Z", "user": 1, "content_type": 14, "object_id": "10", "object_repr": "1984", "action_flag": 1, "change_message": "[{\"added\": {}}]"}}, {"model": "admin.logentry", "pk": 22, "fields": {"action_time": "2021-07-13T15:25:07.510Z", "user": 1, "content_type": 14, "object_id": "11", "object_repr": "Animal Farm", "action_flag": 1, "change_message": "[{\"added\": {}}]"}}, {"model": "admin.logentry", "pk": 23, "fields": {"action_time": "2021-07-13T15:26:11.730Z", "user": 1, "content_type": 14, "object_id": "12", "object_repr": "Gone Girl", "action_flag": 1, "change_message": "[{\"added\": {}}]"}}, {"model": "admin.logentry", "pk": 24, "fields": {"action_time": "2021-07-13T15:27:11.106Z", "user": 1, "content_type": 14, "object_id": "13", "object_repr": "Mindhunter", "action_flag": 1, "change_message": "[{\"added\": {}}]"}}, {"model": "admin.logentry", "pk": 25, "fields": {"action_time": "2021-07-13T15:27:52.676Z", "user": 1, "content_type": 14, "object_id": "13", "object_repr": "Mindhunter", "action_flag": 2, "change_message": "[{\"changed\": {\"fields\": [\"Image\"]}}]"}}, {"model": "admin.logentry", "pk": 26, "fields": {"action_time": "2021-07-13T15:32:26.149Z", "user": 1, "content_type": 14, "object_id": "14", "object_repr": "Stephen King IT", "action_flag": 1, "change_message": "[{\"added\": {}}]"}}, {"model": "admin.logentry", "pk": 27, "fields": {"action_time": "2021-07-13T15:33:20.666Z", "user": 1, "content_type": 14, "object_id": "15", "object_repr": "Afterwards", "action_flag": 1, "change_message": "[{\"added\": {}}]"}}, {"model": "admin.logentry", "pk": 28, "fields": {"action_time": "2021-07-13T15:34:03.640Z", "user": 1, "content_type": 14, "object_id": "16", "object_repr": "Without Fail", "action_flag": 1, "change_message": "[{\"added\": {}}]"}}, {"model": "admin.logentry", "pk": 29, "fields": {"action_time": "2021-07-13T15:39:02.329Z", "user": 1, "content_type": 14, "object_id": "13", "object_repr": "Mindhunter", "action_flag": 2, "change_message": "[{\"changed\": {\"fields\": [\"Author\"]}}]"}}, {"model": "admin.logentry", "pk": 30, "fields": {"action_time": "2021-07-13T15:39:14.156Z", "user": 1, "content_type": 14, "object_id": "3", "object_repr": "Where Is The Green Sheep?", "action_flag": 2, "change_message": "[{\"changed\": {\"fields\": [\"Author\"]}}]"}}, {"model": "admin.logentry", "pk": 31, "fields": {"action_time": "2021-07-13T15:39:39.211Z", "user": 1, "content_type": 14, "object_id": "8", "object_repr": "Harry Potter & The Cursed Child", "action_flag": 3, "change_message": ""}}, {"model": "admin.logentry", "pk": 32, "fields": {"action_time": "2021-07-13T15:39:39.254Z", "user": 1, "content_type": 14, "object_id": "6", "object_repr": "The Little Prince", "action_flag": 3, "change_message": ""}}, {"model": "admin.logentry", "pk": 33, "fields": {"action_time": "2021-07-13T15:47:10.585Z", "user": 1, "content_type": 14, "object_id": "17", "object_repr": "The Power Of Now", "action_flag": 1, "change_message": "[{\"added\": {}}]"}}, {"model": "admin.logentry", "pk": 34, "fields": {"action_time": "2021-07-13T15:48:16.408Z", "user": 1, "content_type": 14, "object_id": "18", "object_repr": "When Breath Becomes Air", "action_flag": 1, "change_message": "[{\"added\": {}}]"}}, {"model": "admin.logentry", "pk": 35, "fields": {"action_time": "2021-07-13T15:49:27.633Z", "user": 1, "content_type": 14, "object_id": "19", "object_repr": "The Happiness Trap", "action_flag": 1, "change_message": "[{\"added\": {}}]"}}, {"model": "admin.logentry", "pk": 36, "fields": {"action_time": "2021-07-13T15:50:10.917Z", "user": 1, "content_type": 14, "object_id": "20", "object_repr": "Why We Sleep", "action_flag": 1, "change_message": "[{\"added\": {}}]"}}, {"model": "admin.logentry", "pk": 37, "fields": {"action_time": "2021-07-13T15:51:55.346Z", "user": 1, "content_type": 14, "object_id": "21", "object_repr": "Being Mortal", "action_flag": 1, "change_message": "[{\"added\": {}}]"}}, {"model": "admin.logentry", "pk": 38, "fields": {"action_time": "2021-07-13T15:52:42.527Z", "user": 1, "content_type": 14, "object_id": "22", "object_repr": "Yoga Anatomy", "action_flag": 1, "change_message": "[{\"added\": {}}]"}}, {"model": "admin.logentry", "pk": 39, "fields": {"action_time": "2021-07-14T14:31:04.912Z", "user": 1, "content_type": 14, "object_id": "23", "object_repr": "Sapiens", "action_flag": 1, "change_message": "[{\"added\": {}}]"}}, {"model": "admin.logentry", "pk": 40, "fields": {"action_time": "2021-07-14T14:31:41.503Z", "user": 1, "content_type": 14, "object_id": "24", "object_repr": "A Brief History Of Time", "action_flag": 1, "change_message": "[{\"added\": {}}]"}}, {"model": "admin.logentry", "pk": 41, "fields": {"action_time": "2021-07-14T14:41:26.581Z", "user": 1, "content_type": 14, "object_id": "25", "object_repr": "The Power Of Habit", "action_flag": 1, "change_message": "[{\"added\": {}}]"}}, {"model": "admin.logentry", "pk": 42, "fields": {"action_time": "2021-07-14T14:42:28.098Z", "user": 1, "content_type": 14, "object_id": "26", "object_repr": "Prisoners Of Geography", "action_flag": 1, "change_message": "[{\"added\": {}}]"}}, {"model": "admin.logentry", "pk": 43, "fields": {"action_time": "2021-07-14T14:44:00.294Z", "user": 1, "content_type": 14, "object_id": "27", "object_repr": "What If?", "action_flag": 1, "change_message": "[{\"added\": {}}]"}}, {"model": "admin.logentry", "pk": 44, "fields": {"action_time": "2021-07-14T14:49:15.920Z", "user": 1, "content_type": 14, "object_id": "28", "object_repr": "Simple", "action_flag": 1, "change_message": "[{\"added\": {}}]"}}, {"model": "admin.logentry", "pk": 45, "fields": {"action_time": "2021-07-14T14:49:54.296Z", "user": 1, "content_type": 14, "object_id": "29", "object_repr": "5 Ingredients", "action_flag": 1, "change_message": "[{\"added\": {}}]"}}, {"model": "admin.logentry", "pk": 46, "fields": {"action_time": "2021-07-14T14:50:44.800Z", "user": 1, "content_type": 14, "object_id": "30", "object_repr": "The Little Book Of Hygge", "action_flag": 1, "change_message": "[{\"added\": {}}]"}}, {"model": "admin.logentry", "pk": 47, "fields": {"action_time": "2021-07-14T14:51:30.177Z", "user": 1, "content_type": 14, "object_id": "31", "object_repr": "Plenty", "action_flag": 1, "change_message": "[{\"added\": {}}]"}}, {"model": "admin.logentry", "pk": 48, "fields": {"action_time": "2021-07-14T14:52:05.533Z", "user": 1, "content_type": 14, "object_id": "32", "object_repr": "Plenty More", "action_flag": 1, "change_message": "[{\"added\": {}}]"}}, {"model": "admin.logentry", "pk": 49, "fields": {"action_time": "2021-07-14T14:52:36.887Z", "user": 1, "content_type": 14, "object_id": "33", "object_repr": "Lean in 15", "action_flag": 1, "change_message": "[{\"added\": {}}]"}}, {"model": "admin.logentry", "pk": 50, "fields": {"action_time": "2021-07-14T15:02:54.676Z", "user": 1, "content_type": 14, "object_id": "34", "object_repr": "Pink Stationary", "action_flag": 1, "change_message": "[{\"added\": {}}]"}}, {"model": "admin.logentry", "pk": 51, "fields": {"action_time": "2021-07-14T15:03:28.674Z", "user": 1, "content_type": 14, "object_id": "35", "object_repr": "Green Stationary", "action_flag": 1, "change_message": "[{\"added\": {}}]"}}, {"model": "admin.logentry", "pk": 52, "fields": {"action_time": "2021-07-14T15:03:53.394Z", "user": 1, "content_type": 14, "object_id": "36", "object_repr": "Bookmark Yellow", "action_flag": 1, "change_message": "[{\"added\": {}}]"}}, {"model": "admin.logentry", "pk": 53, "fields": {"action_time": "2021-07-14T15:04:40.977Z", "user": 1, "content_type": 14, "object_id": "37", "object_repr": "Bookmark Blue", "action_flag": 1, "change_message": "[{\"added\": {}}]"}}, {"model": "admin.logentry", "pk": 54, "fields": {"action_time": "2021-07-14T15:04:53.371Z", "user": 1, "content_type": 14, "object_id": "34", "object_repr": "Pink Stationary", "action_flag": 2, "change_message": "[{\"changed\": {\"fields\": [\"Image\"]}}]"}}, {"model": "admin.logentry", "pk": 55, "fields": {"action_time": "2021-07-14T15:05:16.618Z", "user": 1, "content_type": 14, "object_id": "38", "object_repr": "Black Notebook", "action_flag": 1, "change_message": "[{\"added\": {}}]"}}, {"model": "admin.logentry", "pk": 56, "fields": {"action_time": "2021-07-21T13:28:32.227Z", "user": 1, "content_type": 14, "object_id": "1", "object_repr": "Dear Zoo", "action_flag": 2, "change_message": "[{\"changed\": {\"fields\": [\"Description\"]}}]"}}, {"model": "admin.logentry", "pk": 57, "fields": {"action_time": "2021-07-21T13:29:00.461Z", "user": 1, "content_type": 14, "object_id": "1", "object_repr": "Dear Zoo", "action_flag": 2, "change_message": "[{\"changed\": {\"fields\": [\"Description\"]}}]"}}, {"model": "admin.logentry", "pk": 58, "fields": {"action_time": "2021-07-21T16:04:41.850Z", "user": 1, "content_type": 14, "object_id": "38", "object_repr": "Black Notebook", "action_flag": 2, "change_message": "[{\"changed\": {\"fields\": [\"Author\"]}}]"}}, {"model": "admin.logentry", "pk": 59, "fields": {"action_time": "2021-07-21T16:04:48.286Z", "user": 1, "content_type": 14, "object_id": "37", "object_repr": "Bookmark Blue", "action_flag": 2, "change_message": "[{\"changed\": {\"fields\": [\"Author\"]}}]"}}, {"model": "admin.logentry", "pk": 60, "fields": {"action_time": "2021-07-21T16:04:53.414Z", "user": 1, "content_type": 14, "object_id": "36", "object_repr": "Bookmark Yellow", "action_flag": 2, "change_message": "[]"}}, {"model": "admin.logentry", "pk": 61, "fields": {"action_time": "2021-07-21T16:04:58.513Z", "user": 1, "content_type": 14, "object_id": "36", "object_repr": "Bookmark Yellow", "action_flag": 2, "change_message": "[{\"changed\": {\"fields\": [\"Author\"]}}]"}}, {"model": "admin.logentry", "pk": 62, "fields": {"action_time": "2021-07-21T16:05:03.031Z", "user": 1, "content_type": 14, "object_id": "35", "object_repr": "Green Stationary", "action_flag": 2, "change_message": "[{\"changed\": {\"fields\": [\"Author\"]}}]"}}, {"model": "admin.logentry", "pk": 63, "fields": {"action_time": "2021-07-21T16:05:07.880Z", "user": 1, "content_type": 14, "object_id": "34", "object_repr": "Pink Stationary", "action_flag": 2, "change_message": "[{\"changed\": {\"fields\": [\"Author\"]}}]"}}, {"model": "admin.logentry", "pk": 64, "fields": {"action_time": "2021-08-17T14:52:50.390Z", "user": 1, "content_type": 17, "object_id": "1", "object_repr": "Review object (1)", "action_flag": 1, "change_message": "[{\"added\": {}}]"}}, {"model": "admin.logentry", "pk": 65, "fields": {"action_time": "2021-08-17T14:56:58.030Z", "user": 1, "content_type": 17, "object_id": "2", "object_repr": "Review object (2)", "action_flag": 1, "change_message": "[{\"added\": {}}]"}}, {"model": "admin.logentry", "pk": 66, "fields": {"action_time": "2021-08-22T13:31:59.716Z", "user": 1, "content_type": 17, "object_id": "2", "object_repr": "Test", "action_flag": 3, "change_message": ""}}, {"model": "admin.logentry", "pk": 67, "fields": {"action_time": "2021-08-22T13:31:59.741Z", "user": 1, "content_type": 17, "object_id": "1", "object_repr": "Elly", "action_flag": 3, "change_message": ""}}, {"model": "admin.logentry", "pk": 68, "fields": {"action_time": "2021-08-23T09:10:57.690Z", "user": 1, "content_type": 17, "object_id": "3", "object_repr": "test", "action_flag": 1, "change_message": "[{\"added\": {}}]"}}, {"model": "admin.logentry", "pk": 69, "fields": {"action_time": "2021-08-24T10:21:07.453Z", "user": 1, "content_type": 4, "object_id": "1", "object_repr": "superuser", "action_flag": 2, "change_message": "[{\"changed\": {\"fields\": [\"password\"]}}]"}}, {"model": "auth.user", "pk": 1, "fields": {"password": "pbkdf2_sha256$260000$U9sbbZ4ubS40nkJDMlg7Zg$WtQCrLuRXduPpzft6JEu+3Xg9YKXMFE3nXCGlldYY7E=", "last_login": "2021-08-25T16:20:56.053Z", "is_superuser": true, "username": "superuser", "first_name": "", "last_name": "", "email": "callanelly@yahoo.com", "is_staff": true, "is_active": true, "date_joined": "2021-06-28T14:32:56.198Z", "groups": [], "user_permissions": []}}, {"model": "auth.user", "pk": 2, "fields": {"password": "pbkdf2_sha256$260000$pQCpyVzul8xotRuDOpXgLh$sGVvCl292l5QI+IWWe4Kl3Fsha88cHAzKt3XG7OtPkE=", "last_login": "2021-07-07T13:53:16.684Z", "is_superuser": true, "username": "igor", "first_name": "", "last_name": "", "email": "aa@aa.aa", "is_staff": true, "is_active": true, "date_joined": "2021-07-07T13:25:09.858Z", "groups": [], "user_permissions": []}}, {"model": "auth.user", "pk": 3, "fields": {"password": "pbkdf2_sha256$260000$HHo3D6flvwwbMWFU5mjeiD$KrCB0soAQ1z2ALMC1J0KbUV9eeVSXTTQmF2u8/9/mws=", "last_login": "2021-08-25T16:20:25.602Z", "is_superuser": false, "username": "Testing", "first_name": "", "last_name": "", "email": "testing@gmail.com", "is_staff": false, "is_active": true, "date_joined": "2021-08-25T13:44:32.741Z", "groups": [], "user_permissions": []}}, {"model": "sessions.session", "pk": "5lkbdl8t758u9qdailmbqepaycacbzzx", "fields": {"session_data": ".eJxVjDsOgzAQBe-ydWRhiM2aMn3OgPZjA0kEEoYKcfeAREM7M-9twNRBs0EFjd0f0NK69O2a49wOCg1YuDEm-cbxFPqhsZuMTOMyD2zOxFw2m_ek8fe62ttBT7k_1lIHZWuJvGOmWAcqUC265GpSH1IqAyJSqnwlBQcsHXoRZH2ipAPA_geTcDwv:1mDro8:Z81RR7y4CevkOV0pn1lnLAeCHUi2ilF3zLC2EsfNFq4", "expire_date": "2021-08-25T17:14:24.060Z"}}, {"model": "sessions.session", "pk": "5s24n1juu495rtl7zj9zgtnguf2ptsaf", "fields": {"session_data": "eyJiYWciOnsiMTMiOjMsIjciOjN9fQ:1m9nwD:pn0Ufh17NjKv6EzUon71Vwwhyf_Hasfai_MOTmnjNjI", "expire_date": "2021-08-14T12:17:57.486Z"}}, {"model": "sessions.session", "pk": "6102gpgl4qr2sow22wordxoq0aipdzfb", "fields": {"session_data": ".eJxVjDsOwjAQBe_iGln-xd5Q0nMGa-3d4ACypTipEHeHSCmgfTPzXiLitpa4dV7iTOIsjDj9bgnzg-sO6I711mRudV3mJHdFHrTLayN-Xg7376BgL9_aA5CmTINlDm4yACZZBwpGk0Ng5awGTsHzMCIZpbzzrGlCcootMoj3B9SrN7I:1m17zI:MpqVNtjdghsPTmKeTQknkGs0215lt2eB623khGBV7k0", "expire_date": "2021-07-21T13:53:16.733Z"}}, {"model": "sessions.session", "pk": "68rb4p4r92ey3mr3brbs3tlg0l4tvfy2", "fields": {"session_data": "eyJiYWciOnsiMTUiOjEsIjE0IjoyLCIzMyI6MSwiMzAiOjN9fQ:1m9Qp1:nNpj0rGS0jHvzjYPeLnixqyDFTHqKPGNrFgcEQrR2hI", "expire_date": "2021-08-13T11:36:59.310Z"}}, {"model": "sessions.session", "pk": "7hhhtczrn8ej073ft2tbz4uu312eqb29", "fields": {"session_data": "eyJiYWciOnsiMjQiOjF9fQ:1m9na2:QzJ4irSaJ8yzHXjMk-1DRXKSHEtBlI_TAUQioJyWrxU", "expire_date": "2021-08-14T11:55:02.311Z"}}, {"model": "sessions.session", "pk": "9j3yo2i76d6gka9a458oxf7y13sf4kte", "fields": {"session_data": ".eJxVjMsOgjAUBf-la9NQsOWWpXu_obmPVlDTJhTcGP9dSFjodmbOeauA6zKGtcY5TKIGZdTplxHyI-ZdyB3zrWgueZkn0nuiD1v1tUh8Xo7272DEOm5r7r2QMYjOEmHsPTYgBmyyPYrzKbUeADB1ruOGPLQWHDOQnIHTBrbTiq8YppyKGpZ5jZ8v8Z0-pQ:1mFfrA:eo1vbrLHv_Voo_diRx-j_g6KV7rf8f8KZ2HzapZRm0A", "expire_date": "2021-08-30T16:53:00.939Z"}}, {"model": "sessions.session", "pk": "aa41ifcxph0c30g4x00bemphvcl9fuc5", "fields": {"session_data": "eyJiYWciOnsiMTEiOjEsIjEyIjoyfX0:1m9RBS:RHeTqFuG4gsdErLE_clfIorsJLksDRnRa7nUroxbI70", "expire_date": "2021-08-13T12:00:10.328Z"}}, {"model": "sessions.session", "pk": "b1nw4o6jap0kyke5tp4ouam8b9mfaw08", "fields": {"session_data": ".eJxVjMsOwiAUBf-FtSGlFbi4dO83kPsAqRqalHZl_HfbpAvdzsw5bxVxXUpcW5rjKOqijDr9MkJ-proLeWC9T5qnuswj6T3Rh236Nkl6XY_276BgK9uafRAyBtFZIkw-YAdiwGbrUVzIuQ8AgHlwA3cUoLfgmIHkDJw3oD5f_n84gQ:1m1Rib:98m_u16-VrJAWGcQtg2CvbOOTfSaBKhA4jmdVK3f5Cw", "expire_date": "2021-07-22T10:57:21.170Z"}}, {"model": "sessions.session", "pk": "bfczpsjtdw9aj5ytmpas3ch74lk3k8ds", "fields": {"session_data": "eyJiYWciOnsiMyI6MiwiMzYiOjMsIjEzIjoxfX0:1m8MLT:z64Pyz5d_nS3QPQmCy43GrGX7UVV50CifAtYtf6c6Vk", "expire_date": "2021-08-10T12:38:03.023Z"}}, {"model": "sessions.session", "pk": "dt3b8489b125yb8a6erbulo85fz41ax7", "fields": {"session_data": ".eJxVjMsOwiAUBf-FtSGlFbi4dO83kPsAqRqalHZl_HfbpAvdzsw5bxVxXUpcW5rjKOqijDr9MkJ-proLeWC9T5qnuswj6T3Rh236Nkl6XY_276BgK9uafRAyBtFZIkw-YAdiwGbrUVzIuQ8AgHlwA3cUoLfgmIHkDJw3oD5f_n84gQ:1lzLEu:Hxd6v806NrBqZJ4onAE3fEiHpa7EKjRzKgX5E2ILjdY", "expire_date": "2021-07-16T15:38:00.877Z"}}, {"model": "sessions.session", "pk": "h0ynbprmj2brsjel8vhb52oq3jz51tlq", "fields": {"session_data": "eyJiYWciOnsiMyI6MX19:1m8jVr:pGif2mww-bOxCVZukpKHvziSDmHaOAZPhmq5iIKTsiY", "expire_date": "2021-08-11T13:22:19.507Z"}}, {"model": "sessions.session", "pk": "hb9lhbbfd4ige0cut0j4coicu083q7xx", "fields": {"session_data": ".eJxVjDsOgzAQBe-ydWRhiM2aMn3OgPZjA0kEEoYKcfeARJG0M_PeBi2tS9-uOc7toNCAhdsvY5J3HE-hLxq7ycg0LvPA5kzMZbN5Tho_j6v9O-gp98da6qBsLZF3zBTrQAWqRZdcTepDSmVAREqVr6TggKVDL4Ksd5R0gOOUqYNmgwoau-9fLcs8Lw:1mHmZp:v51M5Ng6Yc5uXB3MEokoX_CMqD6_btxCGOYwU6i01yg", "expire_date": "2021-09-05T12:27:49.791Z"}}, {"model": "sessions.session", "pk": "kt1xxfa2mzerg6p5wwxnh81js2ksqldo", "fields": {"session_data": "eyJiYWciOnt9fQ:1mC0Rl:afPQm0b3Egne6GeA1njG8vWDNh5dfUx2DxW86b7CJHI", "expire_date": "2021-08-20T14:03:37.015Z"}}, {"model": "sessions.session", "pk": "m6dj3omh9smk3mw0t7nq2y3bqpn768kb", "fields": {"session_data": ".eJxVjDsOgzAQRO-yNbIwYLOmTJ8zoP3YQBKBxKdC3D0g0dBM8ebN7MDUQbNDCY3NoDrzyKClbe3bbYlzOyg0YOHBmOQbx6vQD43dZGQa13lgcynmbhfznjT-Xrf7OOhp6c-11EHZWiLvmCnWgXJUiy65mtSHlIqAiJRKX0rOAQuHXgRZK5R0Ajj-YiY9Pg:1m8OKf:GWIN0BVq9u2PJb2Zz4xyyC3qdTrKxxySL39zGZTdtgg", "expire_date": "2021-08-10T14:45:21.221Z"}}, {"model": "sessions.session", "pk": "p44mibbokefvbivvy6qyi2vmtmeznx4h", "fields": {"session_data": ".eJxVjMsOwiAUBf-FtSGlFbi4dO83kPsAqRqalHZl_HfbpAvdzsw5bxVxXUpcW5rjKOqijDr9MkJ-proLeWC9T5qnuswj6T3Rh236Nkl6XY_276BgK9uafRAyBtFZIkw-YAdiwGbrUVzIuQ8AgHlwA3cUoLfgmIHkDJw3oD5f_n84gQ:1m172h:Zp5M4gZnq_LnQ0Vmpd3yOa3tor6F9AOo5iZ3xiJSp6w", "expire_date": "2021-07-21T12:52:43.405Z"}}, {"model": "sessions.session", "pk": "pp7lhy1e288qwjffrihzdstrfod6jq1j", "fields": {"session_data": ".eJxVjDsOgzAQBe-ydWRhEpu1y_Q5g7XrD5BEtoQhDeLuAYmGdmbeW6HSL7oxpwJ2npZ4A0fLPLilxsmNASxIuDAm_4n5EOFNuS_ClzxPI4sjEaet4lVC_D7P9nIwUB32te9MYCmJtGKm2BlqMEhUSXUUtEmpNYhI6a7vvmGDrULtPXJ4oE872E-ZerArtAhWbtsfGflCig:1mG0WQ:WrqK0WaHJPGQRdfpFJt2vu6pTf_nYm0BFjwWQSX0D2Q", "expire_date": "2021-08-31T14:56:58.152Z"}}, {"model": "sessions.session", "pk": "ub2qh1uytywz6pgso1gxmq7j1srd35q3", "fields": {"session_data": "eyJiYWciOnsiMTAiOjEsIjEzIjo1LCIyNiI6MX19:1m8jOb:HUmMtqkMt4KJBwu5GT_GMAK5l8lTFCNgWZTF5uhAYQw", "expire_date": "2021-08-11T13:14:49.017Z"}}, {"model": "sessions.session", "pk": "whnmrl7xbbxks1p1aorc0vrq8gf868fl", "fields": {"session_data": "eyJiYWciOnsiOSI6MSwiMjQiOjF9fQ:1m9o7S:JhdG5t2KR5X80gNAT7ggU3qS-BtEc_pu4tyf6DCDihw", "expire_date": "2021-08-14T12:29:34.376Z"}}, {"model": "sessions.session", "pk": "wy1af30mwmtpj7myapilxbvpb0gd7kh7", "fields": {"session_data": ".eJxVjDsOwjAQBe_iGln-xd5Q0nMGa-3d4ACypTipEHeHSCmgfTPzXiLitpa4dV7iTOIsjDj9bgnzg-sO6I711mRudV3mJHdFHrTLayN-Xg7376BgL9_aA5CmTINlDm4yACZZBwpGk0Ng5awGTsHzMCIZpbzzrGlCcootMoj3B9SrN7I:1m17Yz:dLZmqKTO4knTt3APvi7X3vlgKWnfeMqCJLy5kyk6jNc", "expire_date": "2021-07-21T13:26:05.995Z"}}, {"model": "sessions.session", "pk": "ygv5weym120k77wo4e5xk5pngu6odopt", "fields": {"session_data": ".eJxVjU0OgjAQhe_SNSGA7VDY6UWaaWcIjaQY2hqN8e4Ww0Izq_cz33sJgznNJkfejCcxilZUv55Fd-WwB7gsu12jc2sOqf52jjjW56I4JO8w-TVcjq8_1IxxLpwG5dCVG1BqqTQQ0QlwAgU9cat7GrRThJbtBORIQ2t1r7AjK09OAe7QyDGWGcOPm9-eYmwqEfHOxodpFWPaMr8_dlpKJg:1mIzDT:rZbsDuZA0cy8GuYSheo5lLEOdA2PAwHyVzCMfSrsP40", "expire_date": "2021-09-08T20:09:43.410Z"}}, {"model": "sessions.session", "pk": "zdd4yu7fbdzkzoc4fa7i5h7dr6h1hs17", "fields": {"session_data": ".eJxVjEEOwiAQRe_C2pDSCh26dO8ZyDADFjVgSptojHe3TbrQ7Xvv_7dwuMyjW2qYXGIxCCUOv8wj3ULeBF8xX4qkkucpebklcrdVnguH-2lv_w5GrOO6pt6yVwrRaO8x9BYbYAU66h7Z2BhbCwAYO9NR4y20GgwReD4CxRVspzXUmkp24flI00sMzecLsuk_vg:1lxsu3:0gCfiaV5VX33glFTLqwCWS9GB8WFsONATMcHklcUfww", "expire_date": "2021-07-12T15:10:27.081Z"}}, {"model": "sessions.session", "pk": "zxk6zacyxc8d453etp4ddoug1qzn686i", "fields": {"session_data": "eyJiYWciOnsiOSI6Mn19:1m9nhk:xWM4QYpdLrJhRDD0wR1n1qJNBZAO5Sw337LPPZu3Bcc", "expire_date": "2021-08-14T12:03:00.152Z"}}, {"model": "sites.site", "pk": 1, "fields": {"domain": "the-bookstore.example.com", "name": "The BookStore"}}, {"model": "account.emailaddress", "pk": 1, "fields": {"user": 1, "email": "callanelly@yahoo.com", "verified": true, "primary": true}}, {"model": "account.emailaddress", "pk": 2, "fields": {"user": 3, "email": "testing@gmail.com", "verified": true, "primary": true}}, {"model": "products.category", "pk": 1, "fields": {"name": "childrens", "friendly_name": "Childrens"}}, {"model": "products.category", "pk": 3, "fields": {"name": "science_geography", "friendly_name": "Science & Geography"}}, {"model": "products.category", "pk": 6, "fields": {"name": "crime_thriller", "friendly_name": "Crime & Thriller"}}, {"model": "products.category", "pk": 8, "fields": {"name": "food_drink", "friendly_name": "Food & Drink"}}, {"model": "products.category", "pk": 9, "fields": {"name": "health", "friendly_name": "Health"}}, {"model": "products.category", "pk": 10, "fields": {"name": "office_supplies", "friendly_name": "Office Supplies"}}, {"model": "products.category", "pk": 11, "fields": {"name": "fiction", "friendly_name": "Fiction"}}, {"model": "products.category", "pk": 12, "fields": {"name": "non_fiction", "friendly_name": "Non Fiction"}}, {"model": "products.product", "pk": 1, "fields": {"image": "0000001.jpg", "image_url": null, "name": "Dear Zoo", "author": "Rod Campbell", "description": "Rod Campbell's classic lift-the-flap book Dear Zoo has been a firm favourite with toddlers and parents alike ever since it was first published in 1982. 'I wrote to the zoo to send me a pet . . .'  \r\n\r\n\r\nYoung children will love lifting the flaps to discover the animals the zoo has sent - a monkey, a lion and even an elephant! But will they ever manage to send the perfect pet? With bright, bold artwork, a catchy refrain and a whole host of favourite animals, Dear Zoo is a must for every child's bookshelf - and the thick card pages, chunky cased cover and sturdy flaps make it perfect for small hands. \r\n\r\n\r\nLook out for Rod Campbell's Look After Us , a lift-the-flap animal book for toddlers with a positive message about conservation", "price": "5.99", "category": 1}}, {"model": "products.product", "pk": 3, "fields": {"image": "0000003.jpg", "image_url": null, "name": "Where Is The Green Sheep?", "author": "Mem Fox", "description": "There are red sheep and blue sheep, wind sheep and wave sheep, scared sheep and brave sheep, but where is the green sheep? The search is on in this cozy, sheep-filled story that comes complete with sleepy rhymes and bright illustrations. Full color", "price": "9.20", "category": 1}}, {"model": "products.product", "pk": 4, "fields": {"image": "0000004.jpg", "image_url": null, "name": "Giraffes Can't Dance", "author": "Giles Andreae", "description": "Number One bestseller Giraffes Can't Dance from author Giles Andreae has been delighting children for over 15 years. Gerald the tall giraffe would love to join in with the other animals at the Jungle Dance, but everyone knows that giraffes can't dance ...or can they? A funny, touching and triumphant picture book story about a giraffe who finds his own tune and confidence too, with joyful illustrations from Guy Parker Rees and a foiled cover...wonderfully funny. - Independent A fantastically funny and wonderfully colourful romp of a picture book", "price": "10.00", "category": 1}}, {"model": "products.product", "pk": 5, "fields": {"image": "0000005.jpg", "image_url": null, "name": "The Secret Garden", "author": "Johanna Basford", "description": "Tumble down the rabbit hole and find yourself in an inky black-and-white wonderland. This interactive activity book takes you on a ramble through a secret garden created in beautifully detailed pen-and-ink illustrations - all waiting to be brought to life through colouring, but each also sheltering all kinds of tiny creatures just waiting to be found. And there are also bits of the garden that still need to be completed by you. Appealing to all ages, the intricately-realized world of the Secret Garden is both beautiful and inspirational.", "price": "12.00", "category": 1}}, {"model": "products.product", "pk": 7, "fields": {"image": "0000007.jpg", "image_url": null, "name": "Have You Filled A Bucket Today?", "author": "Carol McCloud", "description": "This 32-page picture book is perfect for children, parents, grandparents, teachers and people that want to teach empathy, nurture kindness and create a positive environment in their home, classroom, workplace and community.", "price": "15.30", "category": 1}}, {"model": "products.product", "pk": 9, "fields": {"image": "0000012.jpg", "image_url": null, "name": "The Day The Crayons Quit", "author": "Drew Daywalt", "description": "Poor Duncan just wants to colour in. But when he opens his box of crayons, he only finds letters, all saying the same thing: We quit! Beige is tired of playing second fiddle to Brown, Blue needs a break from colouring in all that water, while Pink just wants to be used. Green has no complaints, but Orange and Yellow are no longer speaking to each other.", "price": "10.65", "category": 1}}, {"model": "products.product", "pk": 10, "fields": {"image": "0000001_cmcnr2T.jpg", "image_url": null, "name": "1984", "author": "George Orwell", "description": "Winston Smith works for the Ministry of Truth in London, chief city of Airstrip One. Big Brother stares out from every poster, the Thought Police uncover every act of betrayal. When Winston finds love with Julia, he discovers that life does not have to be dull and deadening, and awakens to new possibilities. Despite the police helicopters that hover and circle overhead, Winston and Julia begin to question the Party; they are drawn towards conspiracy. Yet Big Brother will not tolerate dissent - even in the mind. For those with original thoughts they invented Room 101", "price": "11.00", "category": 6}}, {"model": "products.product", "pk": 11, "fields": {"image": "0000003_fLVpccq.jpg", "image_url": null, "name": "Animal Farm", "author": "George Orwell", "description": "Mr Jones of Manor Farm is so lazy and drunken that one day he forgets to feed his livestock. The ensuing rebellion under the leadership of the pigs Napoleon and Snowball leads to the animals taking over the farm. Vowing to eliminate the terrible inequities of the farmyard, the renamed Animal Farm is organised to benefit all who walk on four legs. But as time passes, the ideals of the rebellion are corrupted, then forgotten. And something new and unexpected emerges", "price": "9.00", "category": 6}}, {"model": "products.product", "pk": 12, "fields": {"image": "0000017.jpg", "image_url": null, "name": "Gone Girl", "author": "Gillian Flynn", "description": "Just how well can you ever know the person you love? This is the question that Nick Dunne must ask himself on the morning of his fifth wedding anniversary when his wife Amy suddenly disappears. The police immediately suspect Nick. Amy's friends reveal that she was afraid of him, that she kept secrets from him. He swears it isn't true. A police examination of his computer shows strange searches. He says they aren't his. And then there are the persistent calls on his mobile phone. So what really did happen to Nick's beautiful wife?", "price": "12.00", "category": 6}}, {"model": "products.product", "pk": 13, "fields": {"image": "0000029.jpg", "image_url": null, "name": "Mindhunter", "author": "John Douglas", "description": "Douglas invented and established the practice of criminal profiling, and submerged himself in the world of serial killers in a quest to understand why they killed, and to help prevent more innocent lives from being ended by future killers. As his serial crime unit developed from a derided two-bit operation in a dingy officer to one of the FBI's elite task forces, Douglas personally confronted the most terrible crimes of the age, including those of Jeffrey Dahmer, Charles Manson, Ted Bundy and the Atlanta child murderer.", "price": "13.00", "category": 6}}, {"model": "products.product", "pk": 14, "fields": {"image": "0000048.jpg", "image_url": null, "name": "Stephen King IT", "author": "Stephen King", "description": "It is a group of children who see - and feel - what makes Derry so horribly different. In the storm drains, in the sewers, IT lurks, taking on the shape of every nightmare, each one's deepest dread. Sometimes is appears as an evil clown named Pennywise and sometimes IT reaches up, seizing, tearing, killing . . .", "price": "13.50", "category": 6}}, {"model": "products.product", "pk": 15, "fields": {"image": "0000059.jpg", "image_url": null, "name": "Afterwards", "author": "Rosamund Lupton", "description": "Black smoke stains a summer blue sky. A school is on fire. And one mother, Grace, sees the smoke and runs. She knows her teenage daughter Jenny is inside. She runs into the burning building to rescue her.\r\nAfterwards, Grace must find the identity of the arsonist and protect her family from the person who's still intent on destroying them. Afterwards, she must fight the limits of her physical strength and discover the limitlessness of love.", "price": "11.30", "category": 6}}, {"model": "products.product", "pk": 16, "fields": {"image": "0000075.jpg", "image_url": null, "name": "Without Fail", "author": "Lee Child", "description": "No job, no ID, no last known address. But he never turns down a plea for help. Now a woman tracks him down. A woman serving at the very heart of US power. A woman who needs Reacher's assistance in her new job.", "price": "14.00", "category": 6}}, {"model": "products.product", "pk": 17, "fields": {"image": "0000001_FFR77de.jpg", "image_url": null, "name": "The Power Of Now", "author": "Eckhart Tolle", "description": "To make the journey into The Power of Now we will need to leave our analytical mind and its false created self, the ego, behind. Although the journey is challenging, Eckhart Tolle offers simple language and a question and answer format to show us how to silence our thoughts and create a liberated life", "price": "14.50", "category": 9}}, {"model": "products.product", "pk": 18, "fields": {"image": "0000004_eDGJE6k.jpg", "image_url": null, "name": "When Breath Becomes Air", "author": "Paul Kalanithi", "description": "What makes life worth living in the face of death? What do you do when when life is catastrophically interrupted? What does it mean to have a child as your own life fades away? Paul Kalanithi died while working on this profoundly moving book, yet his words live on as a guide to us all. When Breath Becomes Air is a life-affirming reflection on facing our mortality and on the relationship between doctor and patient, from a gifted writer who became both.", "price": "16.00", "category": 9}}, {"model": "products.product", "pk": 19, "fields": {"image": "0000005_EPAvf5x.jpg", "image_url": null, "name": "The Happiness Trap", "author": "Russ Harris", "description": "Build a more satisfying and meaningful life with this best-selling guide to freeing yourself from depression, anxiety, and insecurity through Acceptance and Commitment Therapy.", "price": "12.30", "category": 9}}, {"model": "products.product", "pk": 20, "fields": {"image": "0000009.jpg", "image_url": null, "name": "Why We Sleep", "author": "Matthew Walker", "description": "Sleep is one of the most important aspects of our life, health and longevity and yet it is increasingly neglected in twenty-first-century society, with devastating consequences: every major disease in the developed world - Alzheimer's, cancer, obesity, diabetes - has very strong causal links to deficient sleep.", "price": "9.80", "category": 9}}, {"model": "products.product", "pk": 21, "fields": {"image": "0000025.jpg", "image_url": null, "name": "Being Mortal", "author": "Atul Gawande", "description": "For most of human history, death was a common, ever-present possibility. It didn't matter whether you were five or fifty - every day was a roll of the dice. But now, as medical advances push the boundaries of survival further each year, we have become increasingly detached from the reality of being mortal. So here is a book about the modern experience of mortality - about what it's like to get old and die, how medicine has changed this and how it hasn't, where our ideas about death have gone wrong. With his trademark mix of perceptiveness and sensitivity, Atul Gawande outlines a story that crosses the globe, as he examines his experiences as a surgeon and those of his patients and family, and learns to accept the limits of what he can do", "price": "11.65", "category": 9}}, {"model": "products.product", "pk": 22, "fields": {"image": "0000041.jpg", "image_url": null, "name": "Yoga Anatomy", "author": "Leslie Kaminoff", "description": "With more asanas, vinyasas, full-color anatomical illustrations, and in-depth information, the second edition of YogaAnatomy provides you with a deeper understanding of the structures and principles underlying each movement and of yoga itself.", "price": "20.00", "category": 9}}, {"model": "products.product", "pk": 23, "fields": {"image": "0000001_BmOOpKv.jpg", "image_url": null, "name": "Sapiens", "author": "Yuval Noah Harari", "description": "What makes us brilliant? What makes us deadly? What makes us Sapiens? Yuval Noah Harari challenges everything we know about being human in the perfect read for these unprecedented times.\r\n\r\nEarth is 4.5 billion years old. In just a fraction of that time, one species among countless others has conquered it: us.\r\n\r\nIn this bold and provocative book, Yuval Noah Harari explores who we are, how we got here and where we're going.", "price": "30.00", "category": 3}}, {"model": "products.product", "pk": 24, "fields": {"image": "0000006_skxNenH.jpg", "image_url": null, "name": "A Brief History Of Time", "author": "Stephen Hawking", "description": "Was there a beginning of time? Could time run backwards? Is the universe infinite or does it have boundaries?\r\n\r\nThese are just some of the questions considered in the internationally acclaimed masterpiece by the world renowned physicist - generally considered to have been one of the world's greatest thinkers. It begins by reviewing the great theories of the cosmos from Newton to Einstein, before delving into the secrets which still lie at the heart of space and time, from the Big Bang to black holes, via spiral galaxies and strong theory. To this day A Brief History of Time remains a staple of the scientific canon, and its succinct and clear language continues to introduce millions to the universe and its wonders.", "price": "12.50", "category": 3}}, {"model": "products.product", "pk": 25, "fields": {"image": "0000009_fG9JW7Z.jpg", "image_url": null, "name": "The Power Of Habit", "author": "Charles Duhigg", "description": "We can always change. In The Power of Habit, award-winning New York Times business reporter Charles Duhigg translates cutting-edge behavioural science into practical self-improvement action, distilling advanced neuroscience into fascinating narratives of transformation.\r\n\r\nWhy can some people and companies change overnight, and some stay stuck in their old ruts? The answer lies deep in the human brain, and The Power of Habits reveals the secret pressure points that can change a life.", "price": "12.50", "category": 3}}, {"model": "products.product", "pk": 26, "fields": {"image": "0000013.jpg", "image_url": null, "name": "Prisoners Of Geography", "author": "Tim Marshall", "description": "All leaders are constrained by geography. Their choices are limited by mountains, rivers, seas and concrete. Yes, to follow world events you need to understand people, ideas and movements - but if you don't know geography, you'll never have the full picture.\r\n\r\nIf you've ever wondered why Putin is so obsessed with Crimea, why the USA was destined to become a global superpower, or why China's power base continues to expand ever outwards, the answers are all here.\r\n\r\nIn ten chapters and ten maps, Prisoners of Geography looks at the past, present and future to offer an essential insight into one of the major factors that determines world history.", "price": "14.00", "category": 3}}, {"model": "products.product", "pk": 27, "fields": {"image": "0000014.jpg", "image_url": null, "name": "What If?", "author": "Randall Munroe", "description": "Millions visit xkcd.com each week to read Randall Munroe's iconic webcomic. Fans ask him a lot of strange questions: How fast can you hit a speed bump, driving, and live? When (if ever) did the sun go down on the British Empire? When will Facebook contain more profiles of dead people than living? How many humans would a T Rex rampaging through New York need to eat a day?\r\n\r\nIn pursuit of answers, Munroe runs computer simulations, pores over stacks of declassified military research memos, solves differential equations and consults nuclear reactor operators. His responses are masterpieces of clarity and hilarity, complemented by comics. They often predict the complete annihilation of humankind, or at least a really big explosion.", "price": "8.70", "category": 3}}, {"model": "products.product", "pk": 28, "fields": {"image": "0000001_zZ87LCN.jpg", "image_url": null, "name": "Simple", "author": "Yotam Ottolenghi", "description": "Yotam Ottolenghi's award-winning recipes are always a celebration: an unforgettable combination of abundance, taste and surprise. Ottolenghi SIMPLE is no different, with 130 brand-new dishes that contain all the inventive elements and flavour combinations that Ottolenghi is loved for, but with minimal hassle for maximum joy.\r\n\r\nBursting with colourful photography, Ottolenghi SIMPLE showcases Yotam's standout dishes that will suit whatever type of cooking you find easy - whether that's getting wonderful food on the table in under 30 minutes, using just one pot to make a delicious meal, or a flavoursome dish that can be prepared ahead and then served when you're ready.", "price": "32.50", "category": 8}}, {"model": "products.product", "pk": 29, "fields": {"image": "0000002_hfvL3KD.jpg", "image_url": null, "name": "5 Ingredients", "author": "Jamie Oliver", "description": "With just FIVE ingredients that have maximum flavour and minimum fuss, you'll be cooking exciting food that's ready in less than 30 minutes", "price": "19.50", "category": 8}}, {"model": "products.product", "pk": 30, "fields": {"image": "0000005_e7CE1aA.jpg", "image_url": null, "name": "The Little Book Of Hygge", "author": "Meik Wiking", "description": "The Danish word hygge is one of those beautiful words that doesn't directly translate into English, but it more or less means comfort, warmth or togetherness.\r\n\r\nHygge is the feeling you get when you are cuddled up on a sofa with a loved one, in warm knitted socks, in front of the fire, when it is dark, cold and stormy outside. It that feeling when you are sharing good, comfort food with your closest friends, by candle light and exchanging easy conversation. It is those cold, crisp blue sky mornings when the light through your window is just right.", "price": "11.99", "category": 8}}, {"model": "products.product", "pk": 31, "fields": {"image": "0000006_BPa6JSF.jpg", "image_url": null, "name": "Plenty", "author": "Yotam Ottolenghi", "description": "This exclusive collection of vegetarian recipes is drawn from his column 'The New Vegetarian' for the Guardian's Weekend magazine, and features both brand-new recipes and dishes first devised for that column. Yotam's food inspiration comes from his strong Mediterranean background and his unapologetic love of ingredients. Not a vegetarian himself, his approach to vegetable dishes is wholly original and innovative, based on strong flavours and stunning, fresh combinations. With sections devoted to cooking greens, aubergines, brassicas, rice and cereals, pasta and couscous, pulses, roots, squashes, onions, fruit, mushrooms and tomatoes, the breadth of colours, tastes and textures is extraordinary.", "price": "25.80", "category": 8}}, {"model": "products.product", "pk": 32, "fields": {"image": "0000009_83hNzeM.jpg", "image_url": null, "name": "Plenty More", "author": "Yotam Ottolenghi", "description": "Yotam Ottolenghi's Plenty changed the way people cook and eat. Its focus on vegetable dishes, with the emphasis on flavour, original spicing and freshness of ingredients, caused a revolution not just in this country, but the world over. Plenty More picks up where Plenty left off, with 120 more dazzling vegetable-based dishes, this time organised by cooking method.", "price": "25.50", "category": 8}}, {"model": "products.product", "pk": 33, "fields": {"image": "0000011.jpg", "image_url": null, "name": "Lean in 15", "author": "Joe Wicks", "description": "Lean in 15 - The Shift Plan features a hundred recipes for nutritious, quick-to-prepare meals - including his bad-boy burrito and oaty chicken - and guides you through Joe's signature HIIT (High Intensity Interval Training) home workouts - revealing how to combine food and exercise to ignite intense fat-burning. It will teach you how to fuel your body with the right food at the right time so you burn fat, build lean muscle and never go hungry.", "price": "14.00", "category": 8}}, {"model": "products.product", "pk": 34, "fields": {"image": "paper-pink.jpg", "image_url": null, "name": "Pink Stationary", "author": "", "description": "Pink stationary paper, for note taking or scrap booking.", "price": "3.50", "category": 10}}, {"model": "products.product", "pk": 35, "fields": {"image": "paper-green.jpg", "image_url": null, "name": "Green Stationary", "author": "", "description": "Green stationary paper for note taking or scrapbooking.", "price": "3.50", "category": 10}}, {"model": "products.product", "pk": 36, "fields": {"image": "bookmark-yellow.png", "image_url": null, "name": "Bookmark Yellow", "author": "", "description": "A yellow bookmark.", "price": "5.60", "category": 10}}, {"model": "products.product", "pk": 37, "fields": {"image": "bookmark-blue.jpg", "image_url": null, "name": "Bookmark Blue", "author": "", "description": "A blue bookmark", "price": "5.60", "category": 10}}, {"model": "products.product", "pk": 38, "fields": {"image": "notebook.jpg", "image_url": null, "name": "Black Notebook", "author": "", "description": "A new notebook in black.", "price": "8.60", "category": 10}}, {"model": "products.productreview", "pk": 1, "fields": {"product": 4, "user": 1, "title": "Love this book.", "content": "testing testing testing", "rating": 4, "date_added": "2021-08-23T17:52:29.286Z"}}, {"model": "products.productreview", "pk": 2, "fields": {"product": 30, "user": 1, "title": "a new read", "content": "testing testing", "rating": 5, "date_added": "2021-08-23T18:01:15.828Z"}}, {"model": "products.productreview", "pk": 3, "fields": {"product": 1, "user": 1, "title": "Wow what a book.", "content": "This book is brilliant, I recommend to everyone.", "rating": 5, "date_added": "2021-08-24T12:29:08.281Z"}}, {"model": "products.productreview", "pk": 4, "fields": {"product": 1, "user": 1, "title": "Not the best.", "content": "Wouldn't buy.", "rating": 3, "date_added": "2021-08-24T13:59:25.655Z"}}, {"model": "products.productreview", "pk": 5, "fields": {"product": 18, "user": 3, "title": "Haven't Read It Yet.", "content": "Not Sure.", "rating": 3, "date_added": "2021-08-25T15:15:12.844Z"}}, {"model": "checkout.order", "pk": 1, "fields": {"order_number": "5A2C2C00055649BBB70FF3D5DFC42132", "user_profile": null, "full_name": "test", "email": "testing@gmail.com", "phone_number": "1234556", "country": "1234", "postcode": "1234", "town_or_city": "test", "street_address1": "test", "street_address2": null, "county": "test", "date": "2021-08-12T13:19:27.580Z", "delivery_cost": "4.21", "order_total": "42.10", "grand_total": "46.31", "original_bag": "", "stripe_pid": ""}}, {"model": "checkout.order", "pk": 2, "fields": {"order_number": "9A30FE67BD844D7FAA4C7550D64B57B5", "user_profile": null, "full_name": "test", "email": "testing@gmail.com", "phone_number": "111111111", "country": "1111", "postcode": "1111", "town_or_city": "test", "street_address1": "test", "street_address2": "test", "county": "test", "date": "2021-08-12T15:02:32.631Z", "delivery_cost": "0.87", "order_total": "8.70", "grand_total": "9.57", "original_bag": "", "stripe_pid": ""}}, {"model": "checkout.order", "pk": 3, "fields": {"order_number": "A6282CD52781475FBEE117DAE7F43586", "user_profile": null, "full_name": "Elly", "email": "testing@gmail.com", "phone_number": "07864706153", "country": "United Kingdom", "postcode": "M47AU", "town_or_city": "Manchester", "street_address1": "Apartment 29", "street_address2": "Block E, 12 Pollard Street", "county": "Manchester", "date": "2021-08-14T13:19:00.160Z", "delivery_cost": "2.58", "order_total": "25.80", "grand_total": "28.38", "original_bag": "", "stripe_pid": ""}}, {"model": "checkout.order", "pk": 4, "fields": {"order_number": "4DC699BAD2AF4FFEB82BF5A0FD870EA0", "user_profile": null, "full_name": "test", "email": "testing@gmail.com", "phone_number": "07864706153", "country": "United Kingdom", "postcode": "M47AU", "town_or_city": "Manchester", "street_address1": "Apartment 29", "street_address2": "Block E, 12 Pollard Street", "county": "Manchester", "date": "2021-08-14T13:24:32.967Z", "delivery_cost": "0.00", "order_total": "61.97", "grand_total": "61.97", "original_bag": "", "stripe_pid": ""}}, {"model": "checkout.order", "pk": 5, "fields": {"order_number": "7062BBDBA2524A74898EF83E6C4F28C9", "user_profile": null, "full_name": "test", "email": "testing@gmail.com", "phone_number": "07864706153", "country": "United Kingdom", "postcode": "M47AU", "town_or_city": "Manchester", "street_address1": "Apartment 29", "street_address2": "Block E, 12 Pollard Street", "county": "Manchester", "date": "2021-08-14T13:31:34.029Z", "delivery_cost": "1.00", "order_total": "10.00", "grand_total": "11.00", "original_bag": "", "stripe_pid": ""}}, {"model": "checkout.order", "pk": 6, "fields": {"order_number": "B00B5A033DA4423D84669633635DC37F", "user_profile": null, "full_name": "hehhh", "email": "testing@gmail.com", "phone_number": "07864706153", "country": "United Kingdom", "postcode": "M47AU", "town_or_city": "Manchester", "street_address1": "Apartment 29", "street_address2": "Block E, 12 Pollard Street", "county": "Manchester", "date": "2021-08-14T13:36:02.973Z", "delivery_cost": "1.20", "order_total": "12.00", "grand_total": "13.20", "original_bag": "", "stripe_pid": ""}}, {"model": "checkout.order", "pk": 7, "fields": {"order_number": "6239059111A9480A84755421C2B96B5A", "user_profile": null, "full_name": "test", "email": "testing@gmail.com", "phone_number": "07864706153", "country": "GB", "postcode": "M47AU", "town_or_city": "Manchester", "street_address1": "Apartment 29", "street_address2": "Block E, 12 Pollard Street", "county": "Manchester", "date": "2021-08-16T16:52:02.654Z", "delivery_cost": "4.45", "order_total": "44.50", "grand_total": "48.95", "original_bag": "", "stripe_pid": ""}}, {"model": "checkout.order", "pk": 8, "fields": {"order_number": "E6209E650D98415DB02CACE83A452186", "user_profile": null, "full_name": "test", "email": "testing@gmail.com", "phone_number": "07864706153", "country": "GB", "postcode": "M47AU", "town_or_city": "Manchester", "street_address1": "Apartment 29", "street_address2": "Block E, 12 Pollard Street", "county": "Manchester", "date": "2021-08-16T16:53:00.717Z", "delivery_cost": "2.35", "order_total": "23.50", "grand_total": "25.85", "original_bag": "", "stripe_pid": ""}}, {"model": "checkout.order", "pk": 9, "fields": {"order_number": "88B99B5B6CC84E7D9928E397E6AA4C30", "user_profile": null, "full_name": "test", "email": "testing@gmail.com", "phone_number": "07864706153", "country": "GB", "postcode": "M47AU", "town_or_city": "Manchester", "street_address1": "Apartment 29", "street_address2": "Block E, 12 Pollard Street", "county": "Manchester", "date": "2021-08-17T11:21:44.236Z", "delivery_cost": "1.30", "order_total": "13.00", "grand_total": "14.30", "original_bag": "{\"13\": 1}", "stripe_pid": "pi_3JPQMELGzLkJihrM0hkYB5Nr"}}, {"model": "checkout.order", "pk": 10, "fields": {"order_number": "DCD284D06AEB43C4AEC6E8A6455E4C52", "user_profile": null, "full_name": "test", "email": "testing@gmail.com", "phone_number": "07864706153", "country": "GB", "postcode": "M47AU", "town_or_city": "Manchester", "street_address1": "Apartment 29", "street_address2": "Block E, 12 Pollard Street", "county": "Manchester", "date": "2021-08-17T11:24:18.612Z", "delivery_cost": "1.06", "order_total": "10.65", "grand_total": "11.72", "original_bag": "{\"9\": 1}", "stripe_pid": "pi_3JPQOhLGzLkJihrM10Ud9jHS"}}, {"model": "checkout.order", "pk": 11, "fields": {"order_number": "A5C3A96EEBEF4064A1F5EA08D2F8F1C5", "user_profile": null, "full_name": "test", "email": "testing@gmail.com", "phone_number": "07864706153", "country": "GB", "postcode": "M47AU", "town_or_city": "Manchester", "street_address1": "Apartment 29", "street_address2": "Block E, 12 Pollard Street", "county": "Manchester", "date": "2021-08-17T11:26:04.460Z", "delivery_cost": "1.00", "order_total": "10.00", "grand_total": "11.00", "original_bag": "{\"4\": 1}", "stripe_pid": "pi_3JPQQULGzLkJihrM0dp8jx0D"}}, {"model": "checkout.order", "pk": 12, "fields": {"order_number": "7D792826D1304742AF906424826EB9DB", "user_profile": null, "full_name": "test", "email": "testing@gmail.com", "phone_number": "07864706153", "country": "GB", "postcode": "M47AU", "town_or_city": "Manchester", "street_address1": "Apartment 29", "street_address2": "Block E, 12 Pollard Street", "county": "Manchester", "date": "2021-08-17T11:28:59.386Z", "delivery_cost": "2.26", "order_total": "22.60", "grand_total": "24.86", "original_bag": "{\"15\": 2}", "stripe_pid": "pi_3JPQTJLGzLkJihrM1leYzP6R"}}, {"model": "checkout.order", "pk": 13, "fields": {"order_number": "98687247B3E147728F95BA23E3D45B12", "user_profile": null, "full_name": "test", "email": "testing@gmail.com", "phone_number": "07864706153", "country": "GB", "postcode": "M47AU", "town_or_city": "Manchester", "street_address1": "Apartment 29", "street_address2": "Block E, 12 Pollard Street", "county": "Manchester", "date": "2021-08-17T11:35:06.441Z", "delivery_cost": "3.00", "order_total": "30.00", "grand_total": "33.00", "original_bag": "{\"23\": 1}", "stripe_pid": "pi_3JPQZELGzLkJihrM1JktcAFX"}}, {"model": "checkout.order", "pk": 14, "fields": {"order_number": "61D9BE0B63E8478DA1C84D28566815F1", "user_profile": null, "full_name": "test", "email": "testing@gmail.com", "phone_number": "07864706153", "country": "GB", "postcode": "M47AU", "town_or_city": "Manchester", "street_address1": "Apartment 29", "street_address2": "Block E, 12 Pollard Street", "county": "Manchester", "date": "2021-08-17T11:57:15.450Z", "delivery_cost": "1.20", "order_total": "11.99", "grand_total": "13.19", "original_bag": "{\"30\": 1}", "stripe_pid": "pi_3JPQufLGzLkJihrM0fCk2CZN"}}, {"model": "checkout.order", "pk": 15, "fields": {"order_number": "264B4605778344609D702817B6AE1CC1", "user_profile": null, "full_name": "test", "email": "testing@gmail.com", "phone_number": "07864706153", "country": "GB", "postcode": "M47AU", "town_or_city": "Manchester", "street_address1": "Apartment 29", "street_address2": "Block E, 12 Pollard Street", "county": "Manchester", "date": "2021-08-17T11:58:36.492Z", "delivery_cost": "2.55", "order_total": "25.50", "grand_total": "28.05", "original_bag": "{\"32\": 1}", "stripe_pid": "pi_3JPQvyLGzLkJihrM1ESG0SWA"}}, {"model": "checkout.order", "pk": 16, "fields": {"order_number": "3AA6F1C04A2C467CB9836B53B514D2C8", "user_profile": null, "full_name": "test", "email": "testing@gmail.com", "phone_number": "07864706153", "country": "GB", "postcode": "M47AU", "town_or_city": "Manchester", "street_address1": "Apartment 29", "street_address2": "Block E, 12 Pollard Street", "county": "Manchester", "date": "2021-08-17T12:05:46.635Z", "delivery_cost": "0.90", "order_total": "9.00", "grand_total": "9.90", "original_bag": "{\"11\": 1}", "stripe_pid": "pi_3JPR2tLGzLkJihrM0TKONprx"}}, {"model": "checkout.order", "pk": 17, "fields": {"order_number": "90D2CFE0464E4A2F84B82326C23BE208", "user_profile": null, "full_name": "test", "email": "testing@gmail.com", "phone_number": "07864706153", "country": "GB", "postcode": "M47AU", "town_or_city": "Manchester", "street_address1": "Apartment 29", "street_address2": "Block E, 12 Pollard Street", "county": "Manchester", "date": "2021-08-17T12:06:54.317Z", "delivery_cost": "1.00", "order_total": "10.00", "grand_total": "11.00", "original_bag": "{\"4\": 1}", "stripe_pid": "pi_3JPR41LGzLkJihrM1sofMJrS"}}, {"model": "checkout.order", "pk": 18, "fields": {"order_number": "AF49DE4862B34FD7BB73C6F0ADD85EFE", "user_profile": null, "full_name": "test", "email": "testing@gmail.com", "phone_number": "07864706153", "country": "GB", "postcode": "M47AU", "town_or_city": "Manchester", "street_address1": "Apartment 29", "street_address2": "Block E, 12 Pollard Street", "county": "Manchester", "date": "2021-08-17T12:07:56.890Z", "delivery_cost": "1.20", "order_total": "12.00", "grand_total": "13.20", "original_bag": "{\"12\": 1}", "stripe_pid": "pi_3JPR50LGzLkJihrM07n9KE9E"}}, {"model": "checkout.order", "pk": 19, "fields": {"order_number": "5F3FBF71BE82459A8859B451ABFA08A2", "user_profile": null, "full_name": "test", "email": "testing@gmail.com", "phone_number": "07864706153", "country": "GB", "postcode": "M47AU", "town_or_city": "Manchester", "street_address1": "Apartment 29", "street_address2": "Block E, 12 Pollard Street", "county": "Manchester", "date": "2021-08-24T10:13:56.314Z", "delivery_cost": "3.00", "order_total": "30.00", "grand_total": "33.00", "original_bag": "{\"4\": 3}", "stripe_pid": "pi_3JRwdOLGzLkJihrM1lJuCeWt"}}, {"model": "checkout.order", "pk": 20, "fields": {"order_number": "B434F704AEC049E6A453E8738CDAF891", "user_profile": null, "full_name": "test", "email": "testing@gmail.com", "phone_number": "07864706153", "country": "GB", "postcode": "M47AU", "town_or_city": "Manchester", "street_address1": "Apartment 29", "street_address2": "Block E, 12 Pollard Street", "county": "Manchester", "date": "2021-08-24T11:22:03.019Z", "delivery_cost": "1.06", "order_total": "10.65", "grand_total": "11.72", "original_bag": "{\"9\": 1}", "stripe_pid": "pi_3JRxcNLGzLkJihrM0B9d8iLk"}}, {"model": "checkout.order", "pk": 21, "fields": {"order_number": "02D7FC3C6BA441F786BDB959057A48D2", "user_profile": null, "full_name": "test", "email": "test@gmail.com", "phone_number": "test", "country": "GB", "postcode": "M4", "town_or_city": "test", "street_address1": "test", "street_address2": "test", "county": "test", "date": "2021-08-25T14:56:33.239Z", "delivery_cost": "0.00", "order_total": "66.29", "grand_total": "66.29", "original_bag": "{\"4\": 1, \"5\": 1, \"31\": 1, \"11\": 1, \"35\": 1, \"1\": 1}", "stripe_pid": "pi_3JSNWFLGzLkJihrM07N5eYxn"}}, {"model": "checkout.order", "pk": 22, "fields": {"order_number": "7206D503CBB0489BAE3C438C9B09EAFF", "user_profile": 1, "full_name": "test", "email": "testing@gmail.com", "phone_number": "07864706153", "country": "GB", "postcode": "M47AU", "town_or_city": "Manchester", "street_address1": "Apartment 29", "street_address2": "Block E, 12 Pollard Street", "county": "Manchester", "date": "2021-08-25T15:15:37.870Z", "delivery_cost": "1.60", "order_total": "16.00", "grand_total": "17.60", "original_bag": "{\"18\": 1}", "stripe_pid": "pi_3JSNp0LGzLkJihrM0CWmvQce"}}, {"model": "checkout.order", "pk": 23, "fields": {"order_number": "A07362C405D5485E9F55D3331E60261F", "user_profile": 2, "full_name": "Elly", "email": "testing@gmail.com", "phone_number": "07864706153", "country": "GB", "postcode": "M47AU", "town_or_city": "Manchester", "street_address1": "Apartment 29", "street_address2": "Block E, 12 Pollard Street", "county": "Manchester", "date": "2021-08-25T16:21:44.865Z", "delivery_cost": "4.75", "order_total": "47.50", "grand_total": "52.25", "original_bag": "{\"29\": 1, \"26\": 2}", "stripe_pid": "pi_3JSOqsLGzLkJihrM1oSvuYSW"}}, {"model": "checkout.order", "pk": 24, "fields": {"order_number": "0F83A8F346F7444EAD21FEEFE92B4B24", "user_profile": 2, "full_name": "Elly", "email": "callanelly@yahoo.com", "phone_number": "07864706153", "country": "GB", "postcode": "M47AU", "town_or_city": "Manchester", "street_address1": "Apartment 29", "street_address2": "Block E, 12 Pollard Street", "county": "Manchester", "date": "2021-08-25T20:09:43.105Z", "delivery_cost": "0.92", "order_total": "9.20", "grand_total": "10.12", "original_bag": "{\"3\": 1}", "stripe_pid": "pi_3JSSPXLGzLkJihrM1gx3U3jE"}}, {"model": "checkout.orderlineitem", "pk": 1, "fields": {"order": 1, "product": 10, "quantity": 1, "lineitem_total": "11.00"}}, {"model": "checkout.orderlineitem", "pk": 2, "fields": {"order": 1, "product": 36, "quantity": 1, "lineitem_total": "5.60"}}, {"model": "checkout.orderlineitem", "pk": 3, "fields": {"order": 1, "product": 13, "quantity": 1, "lineitem_total": "13.00"}}, {"model": "checkout.orderlineitem", "pk": 4, "fields": {"order": 1, "product": 24, "quantity": 1, "lineitem_total": "12.50"}}, {"model": "checkout.orderlineitem", "pk": 5, "fields": {"order": 2, "product": 27, "quantity": 1, "lineitem_total": "8.70"}}, {"model": "checkout.orderlineitem", "pk": 6, "fields": {"order": 3, "product": 31, "quantity": 1, "lineitem_total": "25.80"}}, {"model": "checkout.orderlineitem", "pk": 7, "fields": {"order": 4, "product": 13, "quantity": 2, "lineitem_total": "26.00"}}, {"model": "checkout.orderlineitem", "pk": 8, "fields": {"order": 4, "product": 30, "quantity": 3, "lineitem_total": "35.97"}}, {"model": "checkout.orderlineitem", "pk": 9, "fields": {"order": 5, "product": 4, "quantity": 1, "lineitem_total": "10.00"}}, {"model": "checkout.orderlineitem", "pk": 10, "fields": {"order": 6, "product": 12, "quantity": 1, "lineitem_total": "12.00"}}, {"model": "checkout.orderlineitem", "pk": 11, "fields": {"order": 7, "product": 28, "quantity": 1, "lineitem_total": "32.50"}}, {"model": "checkout.orderlineitem", "pk": 12, "fields": {"order": 7, "product": 12, "quantity": 1, "lineitem_total": "12.00"}}, {"model": "checkout.orderlineitem", "pk": 13, "fields": {"order": 8, "product": 14, "quantity": 1, "lineitem_total": "13.50"}}, {"model": "checkout.orderlineitem", "pk": 14, "fields": {"order": 8, "product": 4, "quantity": 1, "lineitem_total": "10.00"}}, {"model": "checkout.orderlineitem", "pk": 15, "fields": {"order": 9, "product": 13, "quantity": 1, "lineitem_total": "13.00"}}, {"model": "checkout.orderlineitem", "pk": 16, "fields": {"order": 10, "product": 9, "quantity": 1, "lineitem_total": "10.65"}}, {"model": "checkout.orderlineitem", "pk": 17, "fields": {"order": 11, "product": 4, "quantity": 1, "lineitem_total": "10.00"}}, {"model": "checkout.orderlineitem", "pk": 18, "fields": {"order": 12, "product": 15, "quantity": 2, "lineitem_total": "22.60"}}, {"model": "checkout.orderlineitem", "pk": 19, "fields": {"order": 13, "product": 23, "quantity": 1, "lineitem_total": "30.00"}}, {"model": "checkout.orderlineitem", "pk": 20, "fields": {"order": 14, "product": 30, "quantity": 1, "lineitem_total": "11.99"}}, {"model": "checkout.orderlineitem", "pk": 21, "fields": {"order": 15, "product": 32, "quantity": 1, "lineitem_total": "25.50"}}, {"model": "checkout.orderlineitem", "pk": 22, "fields": {"order": 16, "product": 11, "quantity": 1, "lineitem_total": "9.00"}}, {"model": "checkout.orderlineitem", "pk": 23, "fields": {"order": 17, "product": 4, "quantity": 1, "lineitem_total": "10.00"}}, {"model": "checkout.orderlineitem", "pk": 24, "fields": {"order": 18, "product": 12, "quantity": 1, "lineitem_total": "12.00"}}, {"model": "checkout.orderlineitem", "pk": 25, "fields": {"order": 19, "product": 4, "quantity": 3, "lineitem_total": "30.00"}}, {"model": "checkout.orderlineitem", "pk": 26, "fields": {"order": 20, "product": 9, "quantity": 1, "lineitem_total": "10.65"}}, {"model": "checkout.orderlineitem", "pk": 27, "fields": {"order": 21, "product": 4, "quantity": 1, "lineitem_total": "10.00"}}, {"model": "checkout.orderlineitem", "pk": 28, "fields": {"order": 21, "product": 5, "quantity": 1, "lineitem_total": "12.00"}}, {"model": "checkout.orderlineitem", "pk": 29, "fields": {"order": 21, "product": 31, "quantity": 1, "lineitem_total": "25.80"}}, {"model": "checkout.orderlineitem", "pk": 30, "fields": {"order": 21, "product": 11, "quantity": 1, "lineitem_total": "9.00"}}, {"model": "checkout.orderlineitem", "pk": 31, "fields": {"order": 21, "product": 35, "quantity": 1, "lineitem_total": "3.50"}}, {"model": "checkout.orderlineitem", "pk": 32, "fields": {"order": 21, "product": 1, "quantity": 1, "lineitem_total": "5.99"}}, {"model": "checkout.orderlineitem", "pk": 33, "fields": {"order": 22, "product": 18, "quantity": 1, "lineitem_total": "16.00"}}, {"model": "checkout.orderlineitem", "pk": 34, "fields": {"order": 23, "product": 29, "quantity": 1, "lineitem_total": "19.50"}}, {"model": "checkout.orderlineitem", "pk": 35, "fields": {"order": 23, "product": 26, "quantity": 2, "lineitem_total": "28.00"}}, {"model": "checkout.orderlineitem", "pk": 36, "fields": {"order": 24, "product": 3, "quantity": 1, "lineitem_total": "9.20"}}, {"model": "profiles.userprofile", "pk": 1, "fields": {"user": 3, "default_phone_number": "07864706153", "default_street_address1": "Apartment 29", "default_street_address2": "Block E, 12 Pollard Street", "default_town_or_city": "Manchester", "default_county": "Manchester", "default_postcode": "M47AU", "default_country": "GB"}}, {"model": "profiles.userprofile", "pk": 2, "fields": {"user": 1, "default_phone_number": "07864706153", "default_street_address1": "Apartment 29", "default_street_address2": "Block E, 12 Pollard Street", "default_town_or_city": "Manchester", "default_county": "Manchester", "default_postcode": "M47AU", "default_country": "GB"}}]